{"9": [624.6998196170586, 613.5013164310093, 603.4969784172662, 670.0879752902332, 663.0378866386806, 664.2395917649129, 660.7284183994959, 548.282996121948, 661.828918070726, 666.4913309085773, 660.4509762754567, 674.0003213883979, 648.8712871287129, 666.5854847254105, 657.414420062696, 665.1642438018713, 653.952186265678, 666.4677966101694, 653.6917242454153, 670.5641098518493, 665.0353405447306, 668.7228471717834, 659.9544747285792, 659.5278496051436, 661.1913402928607, 670.9335797948919, 660.8209509138015, 664.3798796156148, 656.8195991091314, 655.0756789587853, 662.3863552615417, 666.8916684333262, 653.2731551986709, 660.6821618594231, 666.1267359579311, 531.6423863444313, 661.1334395852672, 665.7860241983844, 662.0959062686358, 663.2009697991883, 657.4716711660716, 667.8473541744069, 661.8405217757206, 669.9095991055742, 665.5747231821708, 665.3752842261118, 664.8128071009669, 665.1056452181267, 662.4677266505212, 652.1670985798694, 663.5273769137474], "18": [375.3217534824065, 570.9556984042955, 577.5156967137874, 570.4294003868472, 573.7718363593528, 432.1747532800586, 376.11454192198477, 576.5146195257913, 576.6070844853132, 435.7718441558442, 436.9016099350702, 347.10045101582006, 574.6846512194379, 572.4622920489528, 561.9127405885768, 575.5564940955837, 373.89608807404875, 408.9765060860992, 376.594830252302, 374.96757787666877, 376.00964210652137, 574.1034333295312, 458.3437875642006, 471.1995206710605, 471.7058955839352, 472.3935952546318, 470.99668731635194, 405.3555543624161, 469.60217454857593, 412.947130058088, 380.57189521068256, 329.48616766388665, 348.83896037888417, 469.69566434610573, 387.83877695698186, 337.32991970832273, 390.31304671505677, 302.61327133895827, 382.83945558913615, 387.28370122242114, 346.1503672526203, 356.4867269173018, 576.1582465887237, 511.44158193162036, 464.65987604551975, 494.99722661141743, 575.7408393133584, 569.2809627579759, 373.83499212692, 343.7077612266453, 422.8176390864593], "27": [380.9245693642299, 235.7601473940605, 345.3923514000677, 379.7927016993148, 285.47497063227576, 375.89232357363585, 346.7799917321207, 325.2677854912785, 403.3056429067469, 361.2906980082884, 405.78548726346304, 402.0485030514107, 381.38640029905736, 380.1726461237877, 380.6544046466602, 205.13201887458905, 377.18686779532305, 341.98994380003563, 213.7160434881891, 383.58898207487096, 187.2878292737785, 318.71700640832603, 308.4131049320515, 277.45882814126986, 293.75610034473726, 403.2898442340976, 355.29894112664124, 359.6750524841436, 361.08679765070497, 392.75505829963447, 325.264982795563, 383.45000761846717, 310.61419465259416, 380.8694809912019, 310.9971961256553, 382.3173019141825, 325.7458838148493, 401.6592113383414, 320.5347462808233, 381.3607136482878, 312.48522509347276, 235.68949133070683, 386.8543944031482, 317.0635100175826, 343.0819576775679, 394.80206245228226, 335.8597794076214, 274.2483841204263, 196.39660088099615, 351.4878069219811, 336.18581233524117]}