{"9": [1021.6996237854223, 1241.8981444926965, 1342.415931721195, 1618.6585480897045, 1611.2658357520916, 1608.9308669337652, 1601.8304336756344, 1181.531065135059, 1612.435863482978, 1129.592913998444, 1591.0953003161221, 1617.3408740359898, 1611.059536511459, 1631.3196197061366, 1623.461895750903, 1614.0905631333646, 1628.364075575878, 1590.0899747262006, 1610.922033030342, 1633.5786740522763, 1596.0060882800608, 1595.6013187927974, 1613.607591690177, 1617.3408740359898, 1616.3713282521196, 1607.149863760218, 1613.4006923964612, 1622.8337560723958, 1620.5347299733837, 1608.5195159365944, 1626.1194107004394, 1613.1938461538462, 1612.918133652367, 1613.4006923964612, 1607.7659184803442, 1622.8337560723958, 1609.6855571190995, 1621.8576154672396, 1613.2627890080773, 1630.9672067401166, 1623.1826625386998, 1622.9035253654342, 1608.5880598286956, 1618.9362267873225, 1625.9793246037216, 1613.4006923964612, 1604.2811729706757, 1608.3824456753302, 1609.3424283765348, 1623.9507851150786, 1625.8392626410543], "18": [1501.5408114558472, 1663.086439333862, 1611.2314488763686, 1628.5748306656888, 1617.2715821944219, 1615.1955842711052, 1619.0751018657515, 1630.7206082467546, 1411.0094568833401, 1613.4006923964612, 1605.441075149917, 1620.8826484606466, 1622.3455389375968, 1622.8337560723958, 1611.9194653799348, 1628.1884879984473, 1619.596095677357, 1637.0145059519937, 1607.7316808279563, 1624.9993973310375, 1614.5392955668185, 1608.2111406965598, 1616.4059348705762, 1624.3001721170397, 1621.3699853964436, 1617.8260832297603, 1613.987044915236, 1646.9061559268794, 1622.97330065781, 1633.9322165952474, 1615.5757848109392, 1634.9583558914612, 1619.7003346777653, 1615.6103573721377, 1616.5097636176772, 1634.4274333217872, 1618.2075233093988, 1622.3455389375968, 1619.0403808625163, 1624.7546000387372, 1627.4514334985988, 1335.2694858598186, 1615.7486624149296, 1637.0500021683508, 1614.7810240835008, 1635.91488624052, 1635.6667894360553, 1633.3666219549132, 1618.9709433233977, 1627.2760426770126, 1614.5392955668185], "27": [1232.8264840679738, 747.6280285725603, 755.9019597372777, 712.0432584693544, 1562.9220789974881, 1546.5933927864196, 1557.4195890750061, 792.3692669376788, 791.2011849202136, 1545.158450560096, 1547.7771126327443, 1548.263808377994, 792.4801645894711, 889.035319239133, 1544.3156100421377, 1540.7228102636664, 1482.9789953381173, 1022.1330396952903, 793.1350931133259, 1552.2960769800147, 1557.6338028169014, 1544.926577719571, 829.7094124801266, 760.9149292140645, 1546.2344074276352, 1522.2696759103678, 1543.0530719025494, 828.23485358219, 789.9042875975643, 1554.896309314587, 1555.216611505555, 1559.26375502561, 795.0505690155084, 895.5525962009901, 1545.748986527988, 1545.2427852142946, 1554.7682253768637, 796.241249841801, 793.8467491500473, 1547.4387221075933, 1552.998560085572, 1564.8225507807103, 799.4226175349428, 902.7702462472996, 1499.4334136588725, 1555.3874933043992, 1564.4118305267375, 789.2601823199799, 793.8077974513185, 1553.7016792887719, 1555.51567929893]}