{"9": [29.863939292291917, 27.340129846426617, 26.64362133876152, 28.110156781737242, 27.415085556087334, 27.36754281985754, 28.401791592336753, 29.15496129790649, 27.44081381638537, 28.42854969627502, 33.29681821710076, 27.45742029807755, 31.119837231618483, 27.616957892056877, 31.335307316271415, 27.62209080252361, 31.389478725951943, 28.060404365824777, 30.742140946238134, 26.979705579018162, 25.586829695814938, 29.732240200437452, 27.75821964950673, 27.553500105108263, 24.228224034176097, 22.697296315759726, 24.705898984504465, 25.849650658520503, 26.353598241824525, 25.350766290343486, 25.34707246618151, 24.7185500758934, 25.184998178613316, 25.516954302505344, 24.65307295333458, 24.115913586114903, 24.749536791172478, 25.810677978617786, 26.06832685459049, 25.800164033025315, 25.746633728060065, 25.859956964850518, 25.728436292554726, 25.777489454775893, 22.103902948027446, 22.681285720465873, 26.11341001363477, 25.80527880888415, 25.775729306858896, 22.145073568104394, 23.361621542673674], "18": [26.167226305909622, 27.478566728201304, 27.31428360556275, 27.352184389603792, 27.48354827037145, 27.302667252518347, 26.900397497858584, 27.744968529537253, 27.332676603060854, 27.138084274660986, 27.602983415718505, 27.9957356060946, 27.982319029874258, 26.00247978971383, 27.17673967555286, 27.336605628560214, 27.19121611473853, 27.250958327377628, 27.49741206087803, 28.061384754909977, 27.64145742359078, 27.646437463312314, 27.806690255877996, 23.567117183063946, 23.97005389156537, 27.50490532713171, 27.167263466867603, 28.780940356270413, 29.06938729305657, 26.369494747055686, 23.87729379922287, 23.5502016651018, 20.929318355016925, 22.011277731858673, 23.73682742748628, 27.3141156116794, 27.12307967554681, 27.55566229423352, 27.21311175231274, 24.133003834878696, 23.96955161785604, 24.007234846316752, 23.70482454859636, 24.527679194503538, 24.54534229219559, 24.53946240200951, 24.801693798876165, 24.927245334899677, 27.826696167638055, 27.642186097821465, 27.152734389891794], "27": [26.51014149281557, 26.13246986761874, 27.641933081581946, 27.298675590237618, 26.274929652755606, 27.685303513205415, 27.20208765298534, 26.22124665884981, 27.47743996311955, 27.58564942812364, 26.366808699079797, 27.087035172706262, 26.609977019488788, 27.869746838246694, 27.306739094842314, 27.92440112174781, 27.112748278492322, 28.139276315576957, 27.537105333866666, 26.650744245482166, 27.769675381855016, 27.20146693475921, 27.70476229618887, 27.56993454568826, 27.969091451988984, 27.639038905354905, 27.020524833707857, 27.857989114725868, 26.335623117056173, 27.882818807314038, 27.343272050159744, 25.32120617495896, 21.172209016802604, 25.84180543173005, 25.924068436338313, 26.173957600235745, 27.644611915238904, 27.242233057469925, 26.228218385427137, 27.641825129396143, 27.721669524603346, 27.93303838016991, 27.520141529952394, 26.67049007518386, 27.73597504584855, 27.56382803684452, 27.1976648371772, 26.847160222105163, 27.961094630178994, 27.5374401359775, 25.295810739453138]}