{"9": [43.15300223488594, 66.30134310820566, 16.765971621699048, 730.3191456430893, 712.2806196577164, 734.3397723956814, 727.0837859701837, 736.9777239803987, 743.7734912221938, 657.9988495528944, 742.9098638116981, 690.5467117899937, 667.0802290238213, 598.435866136115, 669.2682304132759, 679.4962738956691, 674.4217823197313, 670.4450127877238, 548.2272568839317, 671.8291450131701, 662.9563751317176, 724.4882542607094, 637.173992303018, 744.5510059171597, 751.7422284178034, 681.7912474939947, 676.8281426496692, 706.230678565415, 682.0499403750948, 737.4672475433215, 729.4723660817809, 743.7148767657663, 691.6728232189973, 724.029691006387, 722.5468187734476, 730.7574191300308, 733.6547140108448, 729.1905424200278, 740.9994699958777, 668.6873095727343, 659.0557466347749, 728.9511634643236, 730.0225492660852, 713.3035279000775, 729.4582697250188, 711.9582052394335, 706.4818086539901, 729.2046284312399, 725.8534784447949, 734.9831775700934, 557.9098151076691], "18": [362.72098855588973, 36.487261894520735, 821.1513035533658, 803.7118037812979, 799.2279728570975, 784.9112344831889, 680.764573809073, 818.3386843274765, 470.35699733974616, 755.8212397885632, 751.9069396860808, 758.5017531521576, 764.020725388601, 592.6902128260887, 683.9654291460564, 684.2319760012325, 821.8038054600079, 679.1539707099421, 840.4763823794627, 634.4751916095199, 730.4746018538228, 692.021522131681, 761.7697057755177, 500.53019524646135, 821.9201132219258, 825.2352491091533, 830.5643846466958, 839.6911612594677, 666.0327116819874, 430.67582430119796, 713.2630942483561, 456.20564384554956, 638.5266202626927, 473.5818539939028, 796.4372428634724, 514.2599313388916, 761.6774818401936, 795.2711069912465, 764.4616895675331, 706.693425190954, 809.633047003185, 733.6832325902315, 723.1212298261578, 697.5071092674544, 752.2290838439695, 740.1785507701056, 749.0720323848077, 454.8451486580113, 779.8842220523521, 842.5398908567411, 768.3439039283534], "27": [673.7637315564017, 9.821001846843783, 576.1611779011259, 575.923838196853, 488.5534795232076, 512.8741751846635, 511.25109702584103, 510.58263825643155, 486.70575341994765, 504.3296221743235, 514.1431931063914, 507.6165562498319, 549.3735137311594, 562.831537513419, 535.9397266497558, 556.7386460842633, 502.209387306205, 471.3995854042309, 523.1641658659177, 542.8634814413568, 508.7522147747489, 681.1351309086316, 684.3622255660907, 706.534700905892, 790.5163343943709, 546.1860133114691, 540.2349349311147, 529.1755239363566, 546.591989806261, 485.27711215097446, 462.7393780901402, 491.1235200749395, 453.6671473896741, 522.1582711256403, 510.0927791866169, 517.4627619957139, 701.6450207867362, 771.957791411043, 808.5376437745872, 670.2902498357512, 693.7363039922568, 483.0951889360032, 494.85771217325185, 781.4286857757967, 675.6248351897481, 797.8512459577706, 627.1179187294415, 535.9397266497558, 537.2618794595415, 508.69279765701503, 735.3936387131967]}