{"9": [29.92136639404945, 45.569072351623944, 19.987798298094503, 199.85142203680567, 144.84094205400925, 198.77485295434082, 196.09121793606434, 144.22887883604352, 136.23374523617045, 193.26214904466426, 198.7758996556191, 134.9981975796069, 128.38265092693678, 199.7034027425089, 198.36643580069153, 142.37069667803155, 197.78958675001178, 193.38392733643784, 171.7733335153509, 198.4394305780432, 193.15139483002108, 134.6620529248507, 135.34524411362926, 198.85024363262835, 197.60839248696527, 145.08309792572265, 145.59286628920532, 199.23857176787268, 197.76678978388998, 136.32525586669652, 198.82824877802125, 198.309120423634, 194.7276610232443, 143.15247861173472, 205.8924632653729, 206.7359058895692, 153.72071980355668, 206.83218909752395, 207.02161871647783, 147.9599887115487, 207.01140108910838, 206.6001291636109, 201.58784985341, 132.5172664370794, 204.14212012070476, 208.14601035526613, 151.2084503318686, 202.14054459289406, 203.80265843150383, 149.87091215880892, 207.05568476019133], "18": [102.93317845120599, 34.99086128601978, 127.7980621441001, 113.97272714921266, 116.40192231491861, 149.79865196540428, 131.15670537221956, 114.26061372868325, 110.20804764650498, 115.28214838149133, 117.95116189690567, 114.8395493271394, 156.04164281181988, 146.19280281319226, 123.92765665472763, 118.65074964639321, 116.37572583118943, 107.16583296900461, 155.6437103404485, 138.8569063852406, 128.374573841657, 114.97613898720144, 115.77626675745057, 108.70750654066732, 144.1583771233044, 147.19897678662647, 137.62620928269735, 136.632170262053, 120.75422254068994, 118.75115530654553, 156.37421706710853, 147.1765944340042, 136.56988632663547, 127.76648581321437, 117.33029973844569, 114.53171193475569, 112.06692771960658, 113.42581778245852, 144.98780909363262, 141.00633709300567, 128.40033674328427, 119.82147113951655, 185.13766120390102, 153.62437886871695, 126.15944748666927, 178.38824252161996, 129.25546700451125, 116.3334057552294, 116.24116152673636, 112.22468282458918, 162.15580365388993], "27": [95.39985291503696, 10.208372985063365, 139.81876412124205, 115.94648570559767, 111.3713821528391, 111.2338759501852, 141.028901618929, 114.39218894888998, 116.23149778921828, 117.80331129410101, 122.19490767366555, 131.91233040107352, 116.90582804099532, 112.01615856282166, 137.63482344476557, 134.71331333284164, 114.0004348771472, 110.66505622852586, 105.47325127410366, 113.49737769684312, 107.16431181174788, 104.267715056486, 113.42519295448217, 118.8365153553462, 120.31341818413615, 117.52006002285103, 120.1764217107965, 124.02171027558383, 128.5137727119527, 102.5388918366349, 104.9705405260104, 102.38222530810623, 108.49852935258939, 91.29894573395927, 103.62380508372992, 110.24790594978953, 102.78178854468821, 103.57802773514601, 108.16535669974297, 113.5526867014071, 106.41540326445465, 104.19470939973557, 104.99019873247323, 104.13683808823191, 100.4434810219768, 103.17912404595975, 103.20648732591012, 110.65845991489029, 117.7344819197445, 85.42647758809406, 101.51066188960469]}