{"9": [39.406405869297885, 67.45844867178356, 69.37040072625432, 78.26800276176081, 89.77256696306479, 72.73485667381516, 78.9697729150759, 94.52307692307693, 101.05944904023774, 71.08159875871367, 96.03101587681161, 95.42871299643552, 72.42908619253927, 87.4606958165743, 97.24318824077962, 99.48853537430026, 79.98867619075872, 96.34277226358223, 98.21448159229868, 75.03883464266404, 81.01578090023887, 97.85194440268137, 96.79038986679657, 74.44482221389552, 79.19608768716603, 97.38492972571358, 63.15433596220316, 73.17504250110008, 98.2111597630365, 98.41266398314806, 118.84499574977174, 74.63085847142976, 86.32287895869398, 96.88951402185798, 97.35378647987868, 72.73653847265496, 80.5340729204446, 128.23959695747737, 185.87744972523686, 184.8018564029256, 133.48586947296954, 95.10486071395279, 73.805553491755, 89.89613612278676, 98.83549818686426, 71.41780150672957, 77.68396487538251, 100.64826585896506, 64.25907402552745, 79.74248335914048, 98.41138116851461], "18": [87.99167372760363, 121.95600067845345, 75.65020977353277, 105.00299998748267, 84.1014732175182, 72.33477848049722, 70.18639714187702, 86.96382644433898, 82.54400617515441, 72.9202515494865, 70.00248679412182, 71.00144734948834, 85.91256652757089, 74.33999822759633, 74.31248511239771, 96.78282105090435, 84.08864019103797, 71.2161023584167, 70.87260902543613, 73.46656235038593, 82.41785175861568, 116.68725686120861, 114.83623044676592, 116.0969095659368, 115.84199543367785, 85.82730286343111, 85.28715848692126, 69.39692694602853, 69.9017010292097, 70.69819568417543, 86.60539311561577, 73.79220786836984, 71.20636294957006, 86.23413981135222, 78.9710119611094, 72.99632588971481, 89.78420387286131, 80.72653318720094, 71.03371344699109, 67.87900409625296, 67.25970509863454, 74.9795135205997, 79.84435856922579, 71.91468251700292, 100.3082049544612, 129.4438392099375, 72.71293033290154, 72.42769651107461, 82.01103438387011, 78.45205483722472, 113.45735213231825], "27": [65.59514191614893, 65.17002205208712, 67.22734347822474, 75.17527078939665, 75.28296573629538, 73.78785655551313, 73.48811107491561, 74.95921486446325, 75.73771202253548, 74.41972553480495, 72.10755177591088, 75.30954957063807, 98.86397171479081, 111.94540242383503, 110.94629137969885, 115.94256837001302, 109.21529007395063, 122.33377227332386, 71.0239124981185, 75.39378042066146, 74.17133792545154, 74.60037759265579, 69.82205600008878, 75.2546003199009, 75.62189522494344, 73.83452167971501, 108.07637462004992, 79.53431572914867, 74.39987543762716, 76.4331668283122, 69.76497687051864, 74.34297515778307, 96.62975528175023, 91.32478843390284, 104.69232184375592, 73.0853626897863, 76.4300717353143, 84.85792322292566, 74.22048383544981, 73.6801271049149, 74.53850923255345, 74.29581154408595, 79.06272659298402, 120.24405103827446, 122.25545714816238, 80.03859509009503, 72.55465518566926, 89.88079621575288, 72.92097934383732, 74.8735754536036, 60.75088353249919]}