{"9": [220.47177282762325, 386.6232678185524, 443.5496439733979, 446.76761388517394, 442.2816168717047, 433.9783176022901, 376.29450641466553, 394.3785952338665, 380.5546303203823, 487.01134032588925, 473.70071151601854, 480.1050034339786, 475.6285563087468, 489.49953966051584, 471.80612181129624, 485.12743535701435, 468.33497928091117, 455.7815073289706, 491.5584030002344, 430.7790343379475, 430.67582430119796, 365.7610604034649, 436.39148227786643, 420.6268497058299, 438.2762800417973, 444.0557588020092, 440.8045214629361, 447.1274622445958, 440.146634951728, 442.95630133771414, 354.83471198676494, 438.87755196949263, 433.4152659134748, 439.2452408657203, 326.7892722959987, 435.65617209860585, 481.99310503332566, 497.4400548190707, 491.28970794939875, 413.1595560711862, 426.85772440464075, 429.53399406028467, 473.6056207264287, 415.867799186965, 479.5987244152511, 479.757202953624, 462.2048952504561, 480.1172161172161, 467.4071469255343, 464.7542691109661, 479.76939794867883], "18": [446.46906250184804, 563.5106921337244, 343.6248492323938, 520.2667714126233, 346.0710317387558, 510.0525743316736, 504.59478679320944, 329.1816053263803, 355.76271010729783, 514.575389522758, 392.46581794174676, 322.0153804813758, 518.0995882514411, 323.58463200123435, 578.1614004993031, 595.678401792618, 385.02224534132984, 519.1362933115129, 373.42819551475463, 352.54316813836965, 520.866198446318, 326.24277596525724, 326.8755796282586, 517.3894736842105, 385.8960345937989, 600.6306594429461, 378.62892621253076, 528.5975382633414, 526.8490718771808, 353.52209704155314, 352.1797249640811, 522.5208634686858, 353.9580018284536, 522.7415562294877, 528.8567345680742, 384.9927945293497, 528.1464028877634, 528.719699144916, 380.72734974634136, 524.2843591363949, 582.1379597501735, 356.59954183690337, 534.7414527038991, 356.06304649254366, 370.32163633688134, 528.2240024627957, 318.2874801327156, 324.8153094238315, 509.0346357414961, 329.46603767821216, 318.4082932322265], "27": [267.81586894674484, 401.6435413910632, 456.3950155562362, 457.23344517254327, 454.40074472054926, 390.092550619002, 405.44262928951184, 301.5893773069364, 404.90771013000386, 407.8871924535641, 411.3332292101774, 375.24216106960023, 382.7656989890591, 411.72055145134084, 413.0510559142138, 286.9295307879995, 409.26693771344935, 406.37959457568246, 425.26599447980624, 551.3420479939241, 363.68082366429127, 407.3077155476269, 389.63353609864856, 449.9986410182032, 380.3616260206292, 374.71199317058324, 395.6296153967084, 251.93985276876154, 380.3526835494055, 402.7591544086266, 382.7307715705161, 417.3544480602042, 381.5328803075275, 403.1893362195417, 395.794159175742, 303.11099453177485, 384.20192904663844, 451.0309658559122, 449.5681143310838, 381.8506399794991, 444.0470529188494, 412.7153681034137, 338.73191275529126, 422.5746685523021, 402.36562669878595, 409.1929974164875, 534.5912564849389, 361.5409919803852, 402.1255952190726, 387.9955734475375, 245.84482927051653]}