{"9": [84.11318560112304, 88.404326921951, 104.40257876090041, 114.43310819823206, 111.42485728285446, 107.50245911209963, 112.40262628969583, 102.35057941857501, 132.99582150130004, 116.88507412774496, 116.2981028140462, 87.15215544309409, 122.7357694896297, 126.16134487483707, 102.8203294174046, 95.27288329375065, 94.45425133428917, 94.93241591598388, 112.50781918270391, 97.71997048887508, 98.26382442595084, 102.86179544123057, 103.67598179635982, 99.09469307180208, 104.28749502718472, 99.32727789413858, 91.32876553245849, 102.89852638924476, 103.66060792460395, 99.28600059968122, 96.54161274647707, 103.8259735901886, 109.00965670193597, 98.15191565152954, 99.74827185286968, 103.17808997977369, 104.13645504878716, 95.42437081003469, 98.07031682319473, 94.66055469181002, 95.32075814735694, 103.37984258351455, 103.55880004938068, 103.98642484077837, 109.12814819954208, 91.22348932468192, 101.49064776054395, 108.6654173323546, 104.40719894455309, 103.01028227126858, 103.28932376746401], "18": [80.62523707817172, 99.52880038072689, 89.2936012783014, 104.31818803603036, 108.46028927543227, 83.6949764703926, 93.426480797431, 104.54845602378522, 105.15246503737563, 109.2685592711326, 94.74561143711944, 99.76369352095702, 105.96181036551732, 110.25101857828376, 109.94724103281052, 90.27450586505005, 108.14335562163741, 146.54666648549914, 89.99493627429945, 100.1149331395503, 100.80401840969994, 105.72572568086846, 105.11308318830491, 117.13206423085875, 93.71745785055847, 95.43293494542444, 99.23666963729426, 105.34276194250185, 104.49086608528124, 88.09465533416413, 97.1036072304095, 103.86196763800348, 104.0786005853411, 106.5250123460274, 88.35187458528816, 97.86653150694876, 104.67340388510773, 103.73196411715647, 103.003395815057, 103.24920680072645, 89.52219869139064, 101.14542251398332, 100.98213024589637, 80.0626439585145, 94.99381198396502, 100.23855184299063, 98.76709938134404, 126.26051007609333, 109.02413918588732, 116.32408513051075, 111.54899011539428], "27": [88.79074945822109, 83.10672361410771, 95.95705047382764, 96.86506608001109, 80.91771839405283, 95.22737864093997, 104.20352988050008, 92.94620019927676, 99.89256933173382, 103.46437554303486, 101.96169893236, 89.5657422698024, 104.31045304030249, 98.1575305598677, 85.14694862967093, 94.93289339999396, 90.98909299517199, 81.24320834254002, 94.82121353447546, 81.27708555372541, 96.27773805627228, 95.15536513575533, 82.14610382309526, 95.19479903768075, 81.93369117669403, 94.99931044549248, 114.38976245526528, 115.61244797265635, 96.7543348674998, 98.6628518657269, 96.5335479163399, 80.87287643567552, 96.14532055880767, 81.12762070689776, 97.57641199734617, 81.81370846325231, 96.22129344441282, 86.00701293907765, 92.49269671180515, 93.50219169870893, 79.51538437233404, 94.87801420578788, 79.85804044019649, 96.05651111069643, 81.33236425479105, 95.3413824079367, 87.7646263775439, 81.42060380521957, 102.02287551080713, 103.2208800273442, 81.79296766379184]}