{"9": [62.49087188859532, 56.90003647753617, 78.25356247020046, 61.92733506680994, 72.85277071741635, 58.55258741302129, 73.36860845701136, 61.96749019157214, 68.99106284519532, 59.10994818506809, 74.04108388007884, 102.58282583706313, 116.73037627093487, 86.59992934126791, 77.78914006635482, 72.58478956436132, 58.46362666278445, 69.45809098854593, 58.485818844374485, 71.0327777850956, 58.72017770642972, 73.55961743820785, 63.09891399371831, 58.2235829602015, 64.30351594439902, 88.1977752388429, 66.36918678760621, 69.16284685642044, 92.17192654322947, 88.81888340925347, 92.26339086036354, 85.18678759458307, 83.53338349192299, 105.40335514999889, 88.69387956495076, 88.47809302816158, 88.54928196442897, 84.69672173446745, 88.05294083344025, 92.18520689250967, 95.98388942285688, 96.23740203851665, 91.41789913422534, 97.27100222120295, 76.43997691536647, 89.99965667855577, 70.52885520828663, 85.49645319393736, 68.53089530670191, 86.88336294755061, 66.26282031027837], "18": [88.30847006008686, 95.4445170661775, 66.79738039329492, 67.13136046479576, 66.18486446113197, 97.83152976057038, 101.37576487554533, 106.07555361350394, 56.72215506327925, 77.17068683188901, 74.4910972758039, 93.72595103989632, 86.99108167526236, 64.69701672495306, 60.34820240265829, 102.66373305991684, 65.67807444576289, 67.1930793260887, 66.71892892649626, 67.69640865251839, 75.58371301655188, 66.59792472153637, 71.9449731174086, 93.8858633000929, 67.13577798744208, 100.19837553750597, 68.09107012081834, 65.58308090964607, 111.13274109620296, 73.89281561608118, 104.07343557225074, 101.85527432365159, 104.54092810528108, 107.76916356909163, 86.08654781384159, 94.88278379071299, 91.04911631160343, 64.43077726601244, 69.15695490357548, 106.96298815008755, 104.73889591795965, 103.245253294386, 73.86462069491814, 63.70234567484559, 75.80455625739872, 70.79173312404534, 62.124287295363565, 62.75281462031614, 73.38636639783353, 72.82262419084603, 61.28976824385539], "27": [82.53687718101435, 95.76878737856195, 61.401157904667514, 60.405161787241894, 68.41670764758265, 87.6809097750648, 60.98581581289948, 61.6291807207672, 62.46643275215082, 67.95411248657373, 67.13782775621127, 65.51294914752216, 84.701472845257, 58.78656724785558, 61.284361925903234, 58.03057762983399, 58.25724896200883, 62.02773567905528, 69.66065237770687, 63.47732172224645, 61.03390203205236, 69.91879146647305, 61.750898621532016, 61.22634556495562, 69.44676091301173, 62.50753178883504, 69.38570183919624, 83.35151892529245, 68.75486567004695, 66.83293802712004, 69.2674639368969, 68.08718096405057, 69.33311129668586, 68.56076776101186, 71.07673594657612, 67.62582586886421, 62.25158066590808, 74.13637753275039, 69.02571316768233, 90.05891839792345, 96.72367618647412, 75.35098967606972, 89.55341832692007, 71.6144414961564, 79.10293085299215, 96.8610892768404, 80.45134395539756, 68.08157317285784, 61.52020456356676, 69.39705452493138, 63.340808451540845]}